strategy,retrieval_mrr_mean,retrieval_mrr_std,retrieval_precision@5_mean,retrieval_precision@5_std,retrieval_recall@5_mean,retrieval_recall@5_std,retrieval_ndcg@5_mean,retrieval_ndcg@5_std,retrieval_source_coverage_mean,retrieval_source_coverage_std,retrieval_num_retrieved_mean,retrieval_num_retrieved_std,retrieval_num_unique_papers_mean,retrieval_num_unique_papers_std,retrieval_num_queries,answer_correctness_mean,answer_faithfulness_mean,answer_completeness_mean,answer_citation_f1_mean
fixed_size,0.8111111111111112,0.30951973949298045,0.4627777777777777,0.22639212676621154,0.6695238095238094,0.37366512224552945,0.66291581611141,0.33113706303200596,0.6695238095238094,0.37366512224552945,5.0,0.0,2.8666666666666667,1.0561986345169907,30,0.6416666666666667,0.7733333333333333,0.5333333333333332,0.5059571909571909
semantic,0.7805555555555556,0.3031343466167525,0.4355555555555556,0.2049721450512571,0.6520238095238095,0.36586455633576537,0.6493694826143556,0.34450052116637075,0.6520238095238095,0.36586455633576537,5.0,0.0,3.033333333333333,0.9122621455602673,30,0.6200000000000002,0.8016666666666666,0.5133333333333332,0.51997594997595
hierarchical,0.6555555555555556,0.40123266856150636,0.43666666666666665,0.28711205710198473,0.5780952380952381,0.412293788214731,0.5605789787839977,0.3919226524156417,0.5780952380952381,0.412293788214731,5.0,0.0,2.433333333333333,1.0225241100118645,30,0.53,0.7733333333333334,0.3899999999999999,0.3714646464646465
